Date,AAPL,MSFT,GOOGL,AMZN
2022-01-03,178.87989807128906,325.634765625,144.3015899658203,170.4044952392578
2022-01-04,176.60964965820312,320.05108642578125,143.71243286132812,167.52200317382812
2022-01-05,171.91183471679688,307.7649841308594,137.1194305419922,164.35699462890625
2022-01-06,169.04205322265625,305.3330993652344,137.09205627441406,163.25399780273438
2022-01-07,169.20912170410156,305.4887390136719,136.3650360107422,162.5540008544922
2022-01-10,169.2288360595703,305.71246337890625,138.00967407226562,161.48599243164062
2022-01-11,172.069091796875,306.4031677246094,139.07110595703125,165.36199951171875
2022-01-12,172.51138305664062,309.603515625,140.75753784179688,165.20700073242188
2022-01-13,169.2288360595703,296.5002746582031,137.92758178710938,161.21400451660156
2022-01-14,170.09368896484375,301.7532653808594,138.8168182373047,162.13800048828125
2022-01-18,166.87989807128906,294.4088134765625,135.3508758544922,158.91749572753906
2022-01-19,163.3712921142578,295.0703430175781,134.4735870361328,156.2989959716797
2022-01-20,161.6808624267578,293.38751220703125,132.67318725585938,151.66749572753906
2022-01-21,159.61700439453125,287.96917724609375,129.73126220703125,142.64300537109375
2022-01-24,158.840576171875,288.2998046875,130.18161010742188,144.54400634765625
2022-01-25,157.03221130371094,280.63446044921875,126.33102416992188,139.98599243164062
2022-01-26,156.9437713623047,288.6306457519531,128.6180877685547,138.87249755859375
2022-01-27,156.48184204101562,291.67535400390625,128.39117431640625,139.6374969482422
2022-01-28,167.40077209472656,299.8661193847656,132.7165069580078,143.97799682617188
2022-01-31,171.7742462158203,302.5120544433594,134.65968322753906,149.57350158691406
2022-02-01,171.607177734375,300.3525085449219,136.9890594482422,151.19349670410156
2022-02-02,172.81600952148438,304.9244689941406,147.29579162597656,150.6125030517578
2022-02-03,169.92657470703125,293.0469665527344,142.40914916992188,138.8455047607422
2022-02-04,169.64122009277344,297.6092529296875,142.61117553710938,157.63949584960938
2022-02-07,168.92286682128906,292.7551574707031,138.53866577148438,157.9355010986328
2022-02-08,172.04229736328125,296.2668762207031,138.7357177734375,161.4134979248047
2022-02-09,173.46917724609375,302.73577880859375,140.91827392578125,161.1894989013672
2022-02-10,169.37551879882812,294.1462097167969,137.96041870117188,159.0034942626953
2022-02-11,165.9510040283203,287.0060729980469,133.6435546875,153.2935028076172
2022-02-14,166.1872100830078,286.9671630859375,134.8811492919922,155.16700744628906
2022-02-15,170.0348358154297,292.2882080078125,135.95851135253906,156.510498046875
2022-02-16,169.79869079589844,291.9470520019531,137.08262634277344,158.10049438476562
2022-02-17,166.1872100830078,283.3982238769531,131.90835571289062,154.65249633789062
2022-02-18,164.63238525390625,280.6688537597656,129.7825164794922,152.60150146484375
2022-02-22,161.6999053955078,280.4640808105469,129.19581604003906,150.19749450683594
2022-02-23,157.51766967773438,273.2020568847656,126.98091125488281,144.82699584960938
2022-02-24,160.1450958251953,287.16082763671875,132.05963134765625,151.35800170898438
2022-02-25,162.2214813232422,289.8122863769531,133.81973266601562,153.7884979248047
2022-02-28,162.48712158203125,291.2550354003906,134.4143829345703,153.56300354003906
2022-03-01,160.59774780273438,287.5118103027344,133.42359924316406,151.14199829101562
2022-03-02,163.90419006347656,292.61962890625,133.93118286132812,152.05250549316406
2022-03-03,163.57943725585938,288.45733642578125,133.2623748779297,147.89849853515625
2022-03-04,160.56822204589844,282.5501708984375,131.2788543701172,145.64100646972656
2022-03-07,156.75994873046875,271.87628173828125,125.77716064453125,137.4530029296875
2022-03-08,154.92958068847656,268.8934631347656,126.49971008300781,136.01449584960938
2022-03-09,160.3517303466797,281.2243957519531,132.78515625,139.2790069580078
2022-03-10,155.9923858642578,278.38787841796875,131.7993621826172,146.8175048828125
2022-03-11,152.26280212402344,273.0070495605469,129.25254821777344,145.52450561523438
2022-03-14,148.21836853027344,269.4686584472656,125.35169982910156,141.85299682617188
2022-03-15,152.61705017089844,279.9084777832031,128.583251953125,147.3665008544922
2022-03-16,157.04530334472656,286.9659423828125,132.64633178710938,153.10400390625
2022-03-17,158.05889892578125,287.7750244140625,133.20216369628906,157.23899841308594
2022-03-18,161.36532592773438,292.8536071777344,135.477783203125,161.25050354003906
2022-03-21,162.7429962158203,291.6156311035156,135.45391845703125,161.4915008544922
2022-03-22,166.1281280517578,296.39202880859375,139.20248413085938,164.88900756835938
2022-03-23,167.4959716796875,291.93731689453125,137.61753845214844,163.4080047607422
2022-03-24,171.29443359375,296.4310302734375,140.89837646484375,163.64950561523438
2022-03-25,171.93405151367188,296.0216369628906,140.9989013671875,164.77349853515625
2022-03-28,172.800048828125,302.8645935058594,140.78244018554688,168.99049377441406
2022-03-29,176.1064910888672,307.45587158203125,141.82740783691406,169.31500244140625
2022-03-30,174.93544006347656,305.94482421875,141.2631378173828,166.30099487304688
2022-03-31,171.82582092285156,300.534912109375,138.4058074951172,162.99749755859375
2022-04-01,171.53057861328125,301.6169128417969,139.483642578125,163.55999755859375
2022-04-04,175.59474182128906,307.0268859863281,142.29119873046875,168.34649658203125
2022-04-05,172.26864624023438,303.04010009765625,139.92205810546875,164.05499267578125
2022-04-06,169.0901336669922,291.9470520019531,135.89828491210938,158.75599670410156
2022-04-07,169.3951873779297,293.7699279785156,135.24192810058594,157.7845001220703
2022-04-08,167.3778839111328,289.4809265136719,132.65328979492188,154.4604949951172
2022-04-11,163.1071014404297,278.0661926269531,128.2105255126953,151.1219940185547
2022-04-12,164.9866485595703,274.9468688964844,127.1068115234375,150.78750610351562
2022-04-13,167.68292236328125,280.36663818359375,129.2759246826172,155.54100036621094
2022-04-14,162.65444946289062,272.7730712890625,126.12699127197266,151.7064971923828
2022-04-18,162.43795776367188,273.4456481933594,127.0689926147461,152.78500366210938
2022-04-19,164.7307891845703,278.1051330566406,129.39041137695312,158.11549377441406
2022-04-20,164.56346130371094,279.1383972167969,127.43075561523438,153.9980010986328
2022-04-21,163.76641845703125,273.7283935546875,124.2206039428711,148.29600524902344
2022-04-22,159.2102508544922,267.1193542480469,119.06624603271484,144.35000610351562
2022-04-25,160.28286743164062,273.6406555175781,122.48838806152344,146.07400512695312
2022-04-26,154.29981994628906,263.4054870605469,118.08544158935547,139.39100646972656
2022-04-27,154.07345581054688,276.07763671875,113.75067138671875,138.16700744628906
2022-04-28,161.03073120117188,282.3259582519531,117.95854949951172,144.59649658203125
2022-04-29,155.13623046875,270.5213623046875,113.56654357910156,124.28150177001953
2022-05-02,155.4413299560547,277.2961120605469,116.02827453613281,124.5
2022-05-03,156.93707275390625,274.6739501953125,116.77570343017578,124.25350189208984
2022-05-04,163.37278747558594,282.6671447753906,121.67925262451172,125.92849731445312
2022-05-05,154.270263671875,270.3556213378906,115.95114135742188,116.40699768066406
2022-05-06,154.99952697753906,267.8017272949219,115.19574737548828,114.77249908447266
2022-05-09,149.85520935058594,257.90771484375,111.97565460205078,108.78900146484375
2022-05-10,152.2696990966797,262.7035827636719,113.85067749023438,108.85900115966797
2022-05-11,144.37583923339844,253.9793243408203,113.06195831298828,105.37200164794922
2022-05-12,140.49298095703125,248.91046142578125,112.30706787109375,106.93049621582031
2022-05-13,144.97703552246094,254.53489685058594,115.4983139038086,113.05500030517578
2022-05-16,143.42977905273438,254.9053497314453,113.90045166015625,110.81050109863281
2022-05-17,147.07614135742188,260.0911865234375,115.9188003540039,115.36849975585938
2022-05-18,138.77822875976562,248.2493438720703,111.36705780029297,107.11250305175781
2022-05-19,135.3585205078125,247.3308868408203,109.85877227783203,107.31900024414062
2022-05-20,135.59506225585938,246.7642059326172,108.3897933959961,107.59100341796875
2022-05-23,141.0349884033203,254.66854858398438,110.95751953125,107.55699920654297
2022-05-24,138.32484436035156,253.66221618652344,105.46577453613281,104.0999984741211
2022-05-25,138.48255920410156,256.4956359863281,105.30155944824219,106.7750015258789
2022-05-26,141.69528198242188,259.79803466796875,107.27960205078125,111.07749938964844
2022-05-27,147.47035217285156,266.9696350097656,111.78207397460938,115.14649963378906
2022-05-31,146.6819305419922,265.63104248046875,113.220703125,120.20950317382812
2022-06-01,146.5537872314453,266.1684265136719,113.3500747680664,121.68399810791016
2022-06-02,149.01759338378906,268.2788391113281,117.06283569335938,125.51100158691406
2022-06-03,143.27207946777344,263.8235168457031,113.99598693847656,122.3499984741211
2022-06-06,144.02105712890625,262.5826721191406,116.26465606689453,124.79000091552734
2022-06-07,146.5537872314453,266.24664306640625,116.59207916259766,123.0
2022-06-08,145.81468200683594,264.20458984375,116.63636779785156,121.18000030517578
2022-06-09,140.5718231201172,258.71356201171875,114.28909301757812,116.1500015258789
2022-06-10,135.14169311523438,247.184326171875,110.632568359375,109.6500015258789
2022-06-13,129.96780395507812,236.7005615234375,105.88626861572266,103.66999816894531
2022-06-14,130.8350830078125,238.87940979003906,106.20772552490234,102.30999755859375
2022-06-15,133.46633911132812,245.9825439453125,109.24222564697266,107.66999816894531
2022-06-16,128.1741943359375,239.34837341308594,105.52897644042969,103.66000366210938
2022-06-17,129.65245056152344,241.96688842773438,106.6336898803711,106.22000122070312
2022-06-21,133.89996337890625,247.91712951660156,111.01325225830078,108.68000030517578
2022-06-22,133.3874969482422,247.32113647460938,110.95702362060547,108.94999694824219
2022-06-23,136.2651824951172,252.9196319580078,111.70792388916016,112.44000244140625
2022-06-24,139.6060333251953,261.5567932128906,117.41365814208984,116.45999908447266
2022-06-27,139.6060333251953,258.8113098144531,115.28233337402344,113.22000122070312
2022-06-28,135.4472198486328,250.59425354003906,111.47454071044922,107.4000015258789
2022-06-29,137.2112579345703,254.28753662109375,111.17000579833984,108.91999816894531
2022-06-30,134.73765563964844,250.93621826171875,108.44452667236328,106.20999908447266
2022-07-01,136.9156036376953,253.6230926513672,108.22010803222656,109.55999755859375
2022-07-05,139.50747680664062,256.8180847167969,112.72406768798828,113.5
2022-07-06,140.8477783203125,260.1009521484375,114.02684020996094,114.33000183105469
2022-07-07,144.22804260253906,262.24072265625,118.21780395507812,116.33000183105469
2022-07-08,144.9080352783203,261.5177001953125,118.78559112548828,115.54000091552734
2022-07-11,142.76947021484375,258.4399719238281,115.12609100341797,111.75
2022-07-12,143.74510192871094,247.84873962402344,113.47796630859375,109.22000122070312
2022-07-13,143.3804931640625,246.92054748535156,110.82366180419922,110.4000015258789
2022-07-14,146.31729125976562,248.2493438720703,109.84235382080078,110.62999725341797
2022-07-15,147.9926300048828,250.8287353515625,111.24564361572266,113.55000305175781
2022-07-18,144.9375762939453,248.4154052734375,108.5112075805664,113.76000213623047
2022-07-19,148.8106231689453,253.57424926757812,113.26847076416016,118.20999908447266
2022-07-20,150.82098388671875,256.2513427734375,113.35803985595703,122.7699966430664
2022-07-21,153.0975341796875,258.7624206542969,113.79594421386719,124.62999725341797
2022-07-22,151.85580444335938,254.3852081298828,107.3865966796875,122.41999816894531
2022-07-25,150.73233032226562,252.89031982421875,106.99844360351562,121.13999938964844
2022-07-26,149.40191650390625,246.119384765625,104.5202865600586,114.80999755859375
2022-07-27,154.5166473388672,262.5728759765625,112.52204132080078,120.97000122070312
2022-07-28,155.06854248046875,270.0669250488281,113.67652130126953,122.27999877929688
2022-07-29,160.15370178222656,274.2974853515625,115.76652526855469,134.9499969482422
2022-08-01,159.168212890625,271.6302490234375,114.31346893310547,135.38999938964844
2022-08-02,157.68994140625,268.51336669921875,114.58219146728516,134.16000366210938
2022-08-03,163.72122192382812,275.9878234863281,117.51815795898438,139.52000427246094
2022-08-04,163.40589904785156,277.1407165527344,117.62763214111328,142.57000732421875
2022-08-05,163.1788787841797,276.4177551269531,116.91105651855469,140.8000030517578
2022-08-08,162.70516967773438,273.88720703125,116.74186706542969,139.41000366210938
2022-08-09,162.75454711914062,275.82171630859375,116.0750503540039,137.8300018310547
2022-08-10,167.01780700683594,282.5242919921875,119.13043975830078,142.69000244140625
2022-08-11,166.27767944335938,280.4333801269531,118.27452850341797,140.63999938964844
2022-08-12,169.8402557373047,285.211181640625,121.10102081298828,143.5500030517578
2022-08-15,170.9159698486328,286.7353515625,121.4991226196289,143.17999267578125
2022-08-16,170.758056640625,285.99285888671875,121.12092590332031,144.77999877929688
2022-08-17,172.2581024169922,285.2389221191406,118.98115539550781,142.10000610351562
2022-08-18,171.8633575439453,284.1129455566406,119.59820556640625,142.3000030517578
2022-08-19,169.26785278320312,280.17681884765625,116.65229034423828,138.22999572753906
2022-08-22,165.3697509765625,271.9521789550781,113.69641876220703,133.22000122070312
2022-08-23,165.03419494628906,270.6695251464844,113.31822967529297,133.6199951171875
2022-08-24,165.3302459716797,270.0331115722656,113.14904022216797,133.8000030517578
2022-08-25,167.7974395751953,273.0291748046875,116.09495544433594,137.27999877929688
2022-08-26,161.4716033935547,262.49383544921875,109.81497955322266,130.75
2022-08-29,159.2610321044922,259.6935729980469,108.89936828613281,129.7899932861328
2022-08-30,156.82345581054688,257.4806823730469,108.42164611816406,128.72999572753906
2022-08-31,155.15560913085938,256.0119934082031,107.70506286621094,126.7699966430664
2022-09-01,155.88592529296875,254.96438598632812,109.21783447265625,127.81999969482422
2022-09-02,153.76412963867188,250.71495056152344,107.33682250976562,127.51000213623047
2022-09-06,152.50094604492188,247.9635772705078,106.30176544189453,126.11000061035156
2022-09-07,153.91220092773438,252.70254516601562,108.92920684814453,129.47999572753906
2022-09-08,152.431884765625,253.1236114501953,107.86430358886719,129.82000732421875
2022-09-09,155.30368041992188,258.9395446777344,110.12350463867188,133.27000427246094
2022-09-12,161.2841033935547,261.0838928222656,110.33250427246094,136.4499969482422
2022-09-13,151.82000732421875,246.72987365722656,103.82362365722656,126.81999969482422
2022-09-14,153.27072143554688,246.955078125,104.5003890991211,128.5500030517578
2022-09-15,150.36932373046875,240.25787353515625,102.42033386230469,126.27999877929688
2022-09-16,148.7212371826172,239.63124084472656,102.31086730957031,123.52999877929688
2022-09-19,152.45159912109375,239.41583251953125,102.57957458496094,124.66000366210938
2022-09-20,154.83982849121094,237.38905334472656,100.65875244140625,122.19000244140625
2022-09-21,151.7015838623047,233.96209716796875,98.80760955810547,118.54000091552734
2022-09-22,150.73448181152344,235.94972229003906,99.66351318359375,117.30999755859375
2022-09-23,148.45481872558594,232.95359802246094,98.27017211914062,113.77999877929688
2022-09-26,148.79034423828125,232.49339294433594,97.70288848876953,115.1500015258789
2022-09-27,149.76730346679688,231.47512817382812,97.03607940673828,114.41000366210938
2022-09-28,147.87252807617188,236.03785705566406,99.57394409179688,118.01000213623047
2022-09-29,140.60919189453125,232.5423583984375,96.95645904541016,114.80000305175781
2022-09-30,136.38536071777344,228.0383758544922,95.19487762451172,113.0
2022-10-03,140.57955932617188,235.71473693847656,98.170654296875,115.87999725341797
2022-10-04,144.181640625,243.68482971191406,101.1563720703125,121.08999633789062
2022-10-05,144.4777069091797,243.99813842773438,100.94738006591797,120.94999694824219
2022-10-06,143.52044677734375,241.63844299316406,100.93741607666016,120.30000305175781
2022-10-07,138.25057983398438,229.3504180908203,98.21046447753906,114.55999755859375
2022-10-10,138.57623291015625,224.464599609375,97.39437103271484,113.66999816894531
2022-10-11,137.1551513671875,220.70474243164062,96.71759796142578,112.20999908447266
2022-10-12,136.52354431152344,221.03762817382812,97.09579467773438,112.9000015258789
2022-10-13,141.11245727539062,229.3504180908203,98.58865356445312,112.52999877929688
2022-10-14,136.5630340576172,223.78897094726562,96.10055541992188,106.9000015258789
2022-10-17,140.54010009765625,232.57174682617188,99.49431610107422,113.79000091552734
2022-10-18,141.8625030517578,233.52149963378906,100.29051208496094,116.36000061035156
2022-10-19,141.97103881835938,231.54367065429688,99.15593719482422,115.06999969482422
2022-10-20,141.50723266601562,231.2205352783203,99.49431610107422,115.25
2022-10-21,145.33628845214844,237.06591796875,100.6488037109375,119.31999969482422
2022-10-24,147.48764038085938,242.08883666992188,102.03218841552734,119.81999969482422
2022-10-25,150.33970642089844,245.42767333984375,103.98286437988281,120.5999984741211
2022-10-26,147.3889617919922,226.49136352539062,94.47830200195312,115.66000366210938
2022-10-27,142.89869689941406,222.01673889160156,91.78119659423828,110.95999908447266
2022-10-28,153.69505310058594,230.9463653564453,95.83182525634766,103.41000366210938
2022-10-31,151.32656860351562,227.2844696044922,94.060302734375,102.44000244140625
2022-11-01,148.67189025878906,223.40711975097656,90.0395278930664,96.79000091552734
2022-11-02,143.12570190429688,215.50559997558594,86.55618286132812,92.12000274658203
2022-11-03,137.0564422607422,209.77767944335938,83.03301239013672,89.30000305175781
2022-11-04,136.78956604003906,216.7686309814453,86.16803741455078,90.9800033569336
2022-11-07,137.32333374023438,223.11337280273438,88.0689468383789,90.52999877929688
2022-11-08,137.8966827392578,224.09251403808594,88.47699737548828,89.9800033569336
2022-11-09,133.3199005126953,219.82354736328125,86.9045181274414,86.13999938964844
2022-11-10,145.18199157714844,237.90794372558594,93.4930191040039,96.62999725341797
2022-11-11,147.97943115234375,241.95179748535156,95.95126342773438,100.79000091552734
2022-11-14,146.57574462890625,236.50782775878906,95.24463653564453,98.48999786376953
2022-11-15,148.3155517578125,236.91903686523438,97.97160339355469,98.94000244140625
2022-11-16,147.07989501953125,237.35107421875,98.37964630126953,97.12000274658203
2022-11-17,148.9877166748047,237.30197143554688,97.89198303222656,94.8499984741211
2022-11-18,149.55116271972656,236.85032653808594,96.96640014648438,94.13999938964844
2022-11-21,146.3088836669922,237.66526794433594,95.14511108398438,92.45999908447266
2022-11-22,148.4539337158203,240.59127807617188,96.58821868896484,93.19999694824219
2022-11-23,149.333740234375,243.09512329101562,97.99150848388672,94.12999725341797
2022-11-25,146.40771484375,243.00672912597656,96.99626922607422,93.41000366210938
2022-11-28,142.5624542236328,237.38052368164062,95.59297180175781,93.94999694824219
2022-11-29,139.54750061035156,235.97645568847656,94.73706817626953,92.41999816894531
2022-11-30,146.32862854003906,250.51815795898438,100.50947570800781,96.54000091552734
2022-12-01,146.6053924560547,250.07630920410156,100.50947570800781,95.5
2022-12-02,146.11119079589844,250.4003448486328,99.96208953857422,94.12999725341797
2022-12-05,144.94476318359375,245.66763305664062,99.00666046142578,91.01000213623047
2022-12-06,141.2675018310547,240.67965698242188,96.5185546875,88.25
2022-12-07,139.3201141357422,239.9432373046875,94.4882583618164,88.45999908447266
2022-12-08,141.01046752929688,242.91836547851562,93.26410675048828,90.3499984741211
2022-12-09,140.52610778808594,240.9742431640625,92.38829803466797,89.08999633789062
2022-12-12,142.82933044433594,247.93582153320312,92.86601257324219,90.55000305175781
2022-12-13,143.79808044433594,252.26593017578125,95.17497253417969,92.48999786376953
2022-12-14,141.5640411376953,252.56051635742188,94.61763763427734,91.58000183105469
2022-12-15,134.93113708496094,244.49920654296875,90.42766571044922,88.44999694824219
2022-12-16,132.9640350341797,240.25747680664062,89.83052062988281,87.86000061035156
2022-12-19,130.84861755371094,236.09425354003906,88.01918029785156,84.91999816894531
2022-12-20,130.77944946289062,237.41981506347656,88.5964126586914,85.19000244140625
2022-12-21,133.89321899414062,240.00216674804688,89.15376281738281,86.7699966430664
2022-12-22,130.7102508544922,233.87521362304688,87.34242248535156,83.79000091552734
2022-12-23,130.34446716308594,234.4054412841797,88.80542755126953,85.25
2022-12-27,128.53550720214844,232.66751098632812,86.97418212890625,83.04000091552734
2022-12-28,124.59138488769531,230.281494140625,85.61070251464844,81.81999969482422
2022-12-29,128.12033081054688,236.64413452148438,88.02912902832031,84.18000030517578
2022-12-30,128.43666076660156,235.4756622314453,87.81019592285156,84.0
2023-01-03,123.63252258300781,235.24000549316406,88.6959457397461,85.81999969482422
2023-01-04,124.90769958496094,224.94985961914062,87.66090393066406,85.13999938964844
2023-01-05,123.58309936523438,218.28286743164062,85.78984832763672,83.12000274658203
2023-01-06,128.13021850585938,220.8553924560547,86.92442321777344,86.08000183105469
2023-01-09,128.65414428710938,223.00572204589844,87.60118103027344,87.36000061035156
2023-01-10,129.2274627685547,224.7043914794922,87.99927520751953,89.87000274658203
2023-01-11,131.9557647705078,231.49903869628906,91.08452606201172,95.08999633789062
2023-01-12,131.876708984375,234.18939208984375,90.6963882446289,95.2699966430664
2023-01-13,133.21115112304688,234.8963623046875,91.68167114257812,98.12000274658203
2023-01-17,134.3776092529297,235.99609375,90.85562896728516,96.05000305175781
2023-01-18,133.65597534179688,231.53829956054688,90.68643188476562,95.45999908447266
2023-01-19,133.71527099609375,227.72860717773438,92.60725402832031,93.68000030517578
2023-01-20,136.28541564941406,235.86846923828125,97.55359649658203,97.25
2023-01-23,139.48817443847656,238.18569946289062,99.315185546875,97.5199966430664
2023-01-24,140.891845703125,237.6554412841797,97.23512268066406,96.31999969482422
2023-01-25,140.22955322265625,236.25135803222656,94.76692962646484,97.18000030517578
2023-01-26,142.305419921875,243.5075225830078,97.05597686767578,99.22000122070312
2023-01-27,144.25277709960938,243.66458129882812,98.89717864990234,102.23999786376953
2023-01-30,141.35646057128906,238.3133087158203,96.47874450683594,100.55000305175781
2023-01-31,142.63160705566406,243.32095336914062,98.36969757080078,103.12999725341797
2023-02-01,143.7584991455078,248.17144775390625,99.95213317871094,105.1500015258789
2023-02-02,149.08656311035156,259.8067932128906,107.22734832763672,112.91000366210938
2023-02-03,152.72427368164062,253.6700439453125,104.28143310546875,103.38999938964844
2023-02-06,149.98611450195312,252.1186065673828,102.41038513183594,102.18000030517578
2023-02-07,152.87254333496094,262.71319580078125,107.1278305053711,102.11000061035156
2023-02-08,150.17391967773438,261.898193359375,98.89717864990234,100.05000305175781
2023-02-09,149.13600158691406,258.84454345703125,94.55792236328125,98.23999786376953
2023-02-10,149.50230407714844,258.3339538574219,94.1200180053711,97.61000061035156
2023-02-13,152.31396484375,266.405029296875,94.15982818603516,99.54000091552734
2023-02-14,151.67044067382812,267.2397155761719,94.2294921875,99.69999694824219
2023-02-15,153.7791748046875,265.1036376953125,96.47874450683594,101.16000366210938
2023-02-16,152.17535400390625,258.0458679199219,95.0555419921875,98.1500015258789
2023-02-17,151.02694702148438,254.01992797851562,93.90106201171875,97.19999694824219
2023-02-21,146.99755859375,248.71429443359375,91.3532485961914,94.58000183105469
2023-02-22,147.4232635498047,247.5724639892578,91.21392059326172,95.79000091552734
2023-02-23,147.90838623046875,250.7814178466797,90.45752716064453,95.81999969482422
2023-02-24,145.24525451660156,245.31829833984375,88.70590209960938,93.5
2023-02-27,146.4431610107422,246.2436065673828,89.4423828125,93.76000213623047
2023-02-28,145.93826293945312,245.51516723632812,89.63147735595703,94.2300033569336
2023-03-01,143.8592071533203,242.41448974609375,89.93004608154297,92.16999816894531
2023-03-02,144.45323181152344,247.17872619628906,91.56224060058594,92.12999725341797
2023-03-03,149.5220947265625,251.29327392578125,93.20439147949219,94.9000015258789
2023-03-06,152.2941436767578,252.84854125976562,94.6773452758789,93.75
2023-03-07,150.08642578125,250.17112731933594,93.41339874267578,93.55000305175781
2023-03-08,151.34376525878906,249.72817993164062,93.8015365600586,93.91999816894531
2023-03-09,149.08648681640625,248.36976623535156,91.88072204589844,92.25
2023-03-10,147.0173797607422,244.69818115234375,90.19876098632812,90.7300033569336
2023-03-13,148.9676971435547,249.9447021484375,90.67648315429688,92.43000030517578
2023-03-14,151.0665283203125,256.7071838378906,93.52287292480469,94.87999725341797
2023-03-15,151.46255493164062,261.2843933105469,95.6526870727539,96.19999694824219
2023-03-16,154.2939910888672,271.8759765625,99.84265899658203,100.04000091552734
2023-03-17,153.45248413085938,275.0553283691406,101.136474609375,98.94999694824219
2023-03-20,155.82850646972656,267.96807861328125,100.73837280273438,97.70999908447266
2023-03-21,157.6897430419922,269.4938049316406,104.42076873779297,100.61000061035156
2023-03-22,156.25421142578125,268.0271301269531,102.8781509399414,98.69999694824219
2023-03-23,157.34323120117188,273.31304931640625,105.0975341796875,98.70999908447266
2023-03-24,158.65003967285156,276.17755126953125,104.93830108642578,98.12999725341797
2023-03-27,156.69970703125,272.0531311035156,101.97246551513672,98.04000091552734
2023-03-28,156.07598876953125,270.921142578125,100.54928588867188,97.23999786376953
2023-03-29,159.16485595703125,276.118408203125,100.9075698852539,100.25
2023-03-30,160.73898315429688,279.6029968261719,100.40995025634766,102.0
2023-03-31,163.2536163330078,283.7864685058594,103.23643493652344,103.29000091552734
2023-04-03,164.51097106933594,282.7332458496094,103.8634262084961,102.41000366210938
2023-04-04,163.97634887695312,282.68402099609375,104.22171783447266,103.94999694824219
2023-04-05,162.12501525878906,279.888427734375,103.97291564941406,101.0999984741211
2023-04-06,163.0160369873047,287.0348205566406,107.90411376953125,102.05999755859375
2023-04-10,160.41226196289062,284.85943603515625,105.93354034423828,102.16999816894531
2023-04-11,159.19456481933594,278.4021301269531,104.84872436523438,99.91999816894531
2023-04-12,158.5015411376953,279.0517578125,104.14209747314453,97.83000183105469
2023-04-13,163.90704345703125,285.3023681640625,106.9188232421875,102.4000015258789
2023-04-14,163.56056213378906,281.6602783203125,108.35197448730469,102.51000213623047
2023-04-17,163.58033752441406,284.27862548828125,105.46577453613281,102.73999786376953
2023-04-18,164.80796813964844,283.85540771484375,104.00276184082031,102.30000305175781
2023-04-19,165.95639038085938,283.9341735839844,103.68429565429688,104.30000305175781
2023-04-20,164.98614501953125,281.6307373046875,104.78900909423828,103.80999755859375
2023-04-21,163.3724365234375,281.2862548828125,104.908447265625,106.95999908447266
2023-04-24,163.67933654785156,277.3586730957031,105.46577453613281,106.20999908447266
2023-04-25,162.13491821289062,271.108154296875,103.3558578491211,102.56999969482422
2023-04-26,162.12501525878906,290.7458190917969,103.21652221679688,104.9800033569336
2023-04-27,166.7285919189453,300.05767822265625,107.07805633544922,109.81999969482422
2023-04-28,167.98590087890625,302.44964599609375,106.82925415039062,105.44999694824219
2023-05-01,167.89682006835938,300.7762756347656,106.6899185180664,102.05000305175781
2023-05-02,166.85726928710938,300.6286315917969,104.81886291503906,103.62999725341797
2023-05-03,165.77816772460938,299.6343994140625,104.908447265625,103.6500015258789
2023-05-04,164.13470458984375,300.6286315917969,104.1918716430664,104.0
2023-05-05,171.83706665039062,305.78656005859375,105.06768035888672,105.66000366210938
2023-05-08,171.76776123046875,303.8179016113281,107.2572021484375,105.83000183105469
2023-05-09,170.0550537109375,302.1937255859375,106.83920288085938,106.62000274658203
2023-05-10,171.82717895507812,307.42059326171875,111.21826934814453,110.19000244140625
2023-05-11,172.01527404785156,305.2550354003906,116.01533508300781,112.18000030517578
2023-05-12,171.0833740234375,304.1329040527344,116.95086669921875,110.26000213623047
2023-05-15,170.58766174316406,304.61517333984375,115.95561981201172,111.19999694824219
2023-05-16,170.58766174316406,306.8595275878906,118.94134521484375,113.4000015258789
2023-05-17,171.2023468017578,309.75982666015625,120.26502227783203,115.5
2023-05-18,173.5419921875,314.2187805175781,122.24555206298828,118.1500015258789
2023-05-19,173.65106201171875,314.04119873046875,122.17588806152344,116.25
2023-05-22,172.69932556152344,316.84283447265625,124.45499420166016,115.01000213623047
2023-05-23,170.08206176757812,311.0028076171875,121.9768295288086,114.98999786376953
2023-05-24,170.35968017578125,309.61181640625,120.32473754882812,116.75
2023-05-25,171.499755859375,321.51885986328125,122.89247131347656,115.0
2023-05-26,173.91873168945312,328.3947448730469,124.01708221435547,120.11000061035156
2023-05-30,175.7726287841797,326.7374267578125,123.08155059814453,121.66000366210938
2023-05-31,175.72305297851562,323.95550537109375,122.28536224365234,120.58000183105469
2023-06-01,178.53855895996094,328.0888977050781,123.13130950927734,122.7699966430664
2023-06-02,179.39117431640625,330.8708190917969,124.07679748535156,124.25
2023-06-05,178.03297424316406,331.403564453125,125.4104232788086,125.30000305175781
2023-06-06,177.66616821289062,329.174072265625,126.70423126220703,126.61000061035156
2023-06-07,176.28814697265625,319.0131530761719,121.9171142578125,121.2300033569336
2023-06-08,179.01446533203125,320.8677673339844,121.558837890625,124.25
2023-06-09,179.40109252929688,322.37713623046875,121.64840698242188,123.43000030517578
2023-06-12,182.20668029785156,327.3687438964844,123.05168914794922,126.56999969482422
2023-06-13,181.7308349609375,329.77587890625,123.24079132080078,126.66000366210938
2023-06-14,182.36534118652344,332.78466796875,123.08155059814453,126.41999816894531
2023-06-15,184.40757751464844,343.39935302734375,124.49479675292969,127.11000061035156
2023-06-16,183.3269500732422,337.7072448730469,122.94221496582031,125.48999786376953
2023-06-20,183.4161834716797,333.4850769042969,122.51427459716797,125.77999877929688
2023-06-21,182.375244140625,329.0556945800781,119.97639465332031,124.83000183105469
2023-06-22,185.38905334472656,335.1226501464844,122.56402587890625,130.14999389648438
2023-06-23,185.07179260253906,330.4959411621094,121.75787353515625,129.3300018310547
2023-06-26,183.6739501953125,324.16265869140625,117.77691650390625,127.33000183105469
2023-06-27,186.43991088867188,330.05206298828125,117.76696014404297,129.17999267578125
2023-06-28,187.61968994140625,331.3147888183594,119.60816192626953,129.0399932861328
2023-06-29,187.9567413330078,330.52557373046875,118.53329467773438,127.9000015258789
2023-06-30,192.29901123046875,335.94146728515625,119.13043975830078,130.36000061035156
2023-07-03,190.8020477294922,333.4258728027344,119.32949829101562,130.22000122070312
2023-07-05,189.6817626953125,333.5837097167969,121.17068481445312,130.3800048828125
2023-07-06,190.15760803222656,336.66156005859375,119.53849029541016,128.36000061035156
2023-07-07,189.037353515625,332.666259765625,118.9114990234375,129.77999877929688
2023-07-10,186.98521423339844,327.34906005859375,115.89591217041016,127.12999725341797
2023-07-11,186.45977783203125,327.9803771972656,116.5826187133789,128.77999877929688
2023-07-12,188.13519287109375,332.6465759277344,118.36410522460938,130.8000030517578
2023-07-13,188.89854431152344,338.03277587890625,123.9474105834961,134.3000030517578
2023-07-14,189.04725646972656,340.5779724121094,124.8232192993164,134.67999267578125
2023-07-17,192.31884765625,341.0613708496094,124.05689239501953,133.55999755859375
2023-07-18,192.06105041503906,354.6355285644531,123.1711196899414,132.8300018310547
2023-07-19,193.41928100585938,350.2850646972656,121.44935607910156,135.36000061035156
2023-07-20,191.46624755859375,342.1859436035156,118.63282012939453,129.9600067138672
2023-07-21,190.28651428222656,339.1278076171875,119.44892120361328,130.0
2023-07-24,191.0895233154297,340.4496765136719,120.95173645019531,128.8000030517578
2023-07-25,191.9520263671875,346.2404479980469,121.62850189208984,129.1300048828125
2023-07-26,192.82444763183594,333.2088317871094,128.6549072265625,128.14999389648438
2023-07-27,191.5554656982422,326.2539978027344,128.78428649902344,128.25
2023-07-28,194.1429901123047,333.8007507324219,131.94915771484375,132.2100067138672
2023-07-31,194.7576446533203,331.38385009765625,132.08848571777344,133.67999267578125
2023-08-01,193.92489624023438,331.7981262207031,130.92404174804688,131.69000244140625
2023-08-02,190.9209747314453,323.0774841308594,127.7691421508789,128.2100067138672
2023-08-03,189.52313232421875,322.2488708496094,127.83880615234375,128.91000366210938
2023-08-04,180.4222412109375,323.35369873046875,127.50042724609375,139.57000732421875
2023-08-07,177.3092803955078,325.6522216796875,130.90415954589844,142.22000122070312
2023-08-08,178.25108337402344,321.6470947265625,130.77476501464844,139.94000244140625
2023-08-09,176.65493774414062,317.878662109375,129.04306030273438,137.85000610351562
2023-08-10,176.4368438720703,318.5692138671875,129.0729217529297,138.55999755859375
2023-08-11,176.4964141845703,316.6751403808594,128.94351196289062,138.41000366210938
2023-08-14,178.15428161621094,319.66424560546875,130.7051239013672,140.57000732421875
2023-08-15,176.15887451171875,317.5137023925781,129.16249084472656,137.6699981689453
2023-08-16,175.28530883789062,316.7425842285156,128.08761596679688,135.07000732421875
2023-08-17,172.73399353027344,313.2627868652344,129.3018035888672,133.97999572753906
2023-08-18,173.2204132080078,312.8673400878906,126.853515625,133.22000122070312
2023-08-21,174.5605926513672,318.2057189941406,127.75918579101562,134.67999267578125
2023-08-22,175.9404754638672,318.779052734375,128.4658203125,134.25
2023-08-23,179.8021697998047,323.26727294921875,131.7401580810547,135.52000427246094
2023-08-24,175.09666442871094,316.3174743652344,129.16249084472656,131.83999633789062
2023-08-25,177.31045532226562,319.2931213378906,129.26199340820312,133.25999450683594
2023-08-28,178.8789520263672,320.0049133300781,130.38662719726562,133.13999938964844
2023-08-29,182.7803497314453,324.6611633300781,133.92970275878906,134.91000366210938
2023-08-30,186.28468322753906,325.03680419921875,135.23345947265625,135.07000732421875
2023-08-31,186.50306701660156,324.01861572265625,135.52207946777344,138.00999450683594
2023-09-01,188.08151245117188,324.9082946777344,135.0145263671875,138.1199951171875
2023-09-05,188.3197479248047,329.7424621582031,135.12396240234375,137.27000427246094
2023-09-06,181.57916259765625,329.0801696777344,133.8202362060547,135.36000061035156
2023-09-07,176.26808166503906,326.14404296875,134.6164093017578,137.85000610351562
2023-09-08,176.88357543945312,330.4542541503906,135.7310791015625,138.22999572753906
2023-09-11,178.05499267578125,334.0823669433594,136.2685089111328,143.10000610351562
2023-09-12,175.0172576904297,327.9827880859375,134.69602966308594,141.22999572753906
2023-09-13,172.94247436523438,332.22381591796875,136.05950927734375,144.85000610351562
2023-09-14,174.46131896972656,334.8337097167969,137.4429168701172,144.72000122070312
2023-09-15,173.7366180419922,326.45050048828125,136.74620056152344,140.38999938964844
2023-09-18,176.67510986328125,325.3037414550781,137.5523681640625,139.97999572753906
2023-09-19,177.76710510253906,324.8984069824219,137.3831787109375,137.6300048828125
2023-09-20,174.213134765625,317.1083679199219,133.1036376953125,135.2899932861328
2023-09-21,172.6645050048828,315.88250732421875,129.8193359375,129.3300018310547
2023-09-22,173.51821899414062,313.39129638671875,129.6302490234375,129.1199951171875
2023-09-25,174.79885864257812,313.9152526855469,130.4861602783203,131.27000427246094
2023-09-26,170.70883178710938,308.576904296875,127.95824432373047,125.9800033569336
2023-09-27,169.18995666503906,309.219482421875,129.9188690185547,125.9800033569336
2023-09-28,169.44805908203125,310.0597839355469,131.68043518066406,125.9800033569336
2023-09-29,169.9642791748047,312.1456298828125,130.23733520507812,127.12000274658203
2023-10-02,172.48580932617188,318.1265869140625,133.53160095214844,129.4600067138672
2023-10-03,171.1456298828125,309.8126220703125,131.7998504638672,124.72000122070312
2023-10-04,172.39645385742188,315.31903076171875,134.59649658203125,127.0
2023-10-05,173.63735961914062,315.71441650390625,134.4273223876953,125.95999908447266
2023-10-06,176.19859313964844,323.5242919921875,136.92538452148438,127.95999908447266
2023-10-09,177.6876678466797,326.0550537109375,137.76136779785156,128.25999450683594
2023-10-10,177.09205627441406,324.64141845703125,137.40309143066406,129.47999572753906
2023-10-11,178.49179077148438,328.6253967285156,139.88125610351562,131.8300018310547
2023-10-12,179.39517211914062,327.3797302246094,138.30874633789062,132.3300018310547
2023-10-13,177.54872131347656,323.98895263671875,136.70640563964844,129.7899932861328
2023-10-16,177.41964721679688,328.84283447265625,138.43814086914062,132.5500030517578
2023-10-17,175.86105346679688,328.26947021484375,139.05517578125,131.47000122070312
2023-10-18,174.5605926513672,326.34173583984375,137.30357360839844,128.1300048828125
2023-10-19,174.18338012695312,327.5379638671875,137.0945587158203,128.39999389648438
2023-10-20,171.6221466064453,322.94097900390625,134.9547882080078,125.16999816894531
2023-10-23,171.7412567138672,325.56072998046875,135.8505096435547,126.55999755859375
2023-10-24,172.17808532714844,326.7569274902344,138.14950561523438,128.55999755859375
2023-10-25,169.8551025390625,336.7812194824219,125.01232147216797,121.38999938964844
2023-10-26,165.67572021484375,324.1470947265625,121.69816589355469,119.56999969482422
2023-10-27,166.99603271484375,326.0451965332031,121.58869171142578,127.73999786376953
2023-10-30,169.05096435546875,333.45953369140625,123.86779022216797,132.7100067138672
2023-10-31,169.52749633789062,334.25042724609375,123.4896011352539,133.08999633789062
2023-11-01,172.7042236328125,342.1195983886719,125.84832763671875,137.0
2023-11-02,176.27801513671875,344.3439025878906,126.88337707519531,138.07000732421875
2023-11-03,175.36471557617188,348.7727355957031,128.48573303222656,138.60000610351562
2023-11-06,177.92591857910156,352.4601745605469,129.6302490234375,139.74000549316406
2023-11-07,180.49708557128906,356.4145202636719,130.34683227539062,142.7100067138672
2023-11-08,181.55931091308594,359.0540466308594,131.21267700195312,142.0800018310547
2023-11-09,181.08279418945312,356.5726623535156,129.6202850341797,140.60000610351562
2023-11-10,185.2875518798828,365.4501953125,131.95909118652344,143.55999755859375
2023-11-13,183.6970977783203,362.49432373046875,131.4615020751953,142.58999633789062
2023-11-14,186.32135009765625,366.0433044433594,132.98419189453125,145.8000030517578
2023-11-15,186.88795471191406,366.1919250488281,133.97946166992188,143.1999969482422
2023-11-16,188.5778045654297,372.6307678222656,136.27845764160156,142.8300018310547
2023-11-17,188.55792236328125,366.3702392578125,134.66616821289062,145.17999267578125
2023-11-20,190.30740356445312,373.8887939453125,135.60169982910156,146.1300048828125
2023-11-21,189.5022430419922,369.5599670410156,136.31826782226562,143.89999389648438
2023-11-22,190.16822814941406,374.2949523925781,137.83103942871094,146.7100067138672
2023-11-24,188.83624267578125,373.8788757324219,136.03961181640625,146.74000549316406
2023-11-27,188.65731811523438,375.04779052734375,135.7609405517578,147.72999572753906
2023-11-28,189.263671875,379.0993347167969,136.54714965820312,147.02999877929688
2023-11-29,188.2398223876953,375.28558349609375,134.3477020263672,146.32000732421875
2023-11-30,188.81637573242188,375.344970703125,131.89939880371094,146.08999633789062
2023-12-01,190.09864807128906,370.98638916015625,131.2325897216797,147.02999877929688
2023-12-04,188.29946899414062,365.6669006347656,128.6549072265625,144.83999633789062
2023-12-05,192.26565551757812,369.01507568359375,130.36672973632812,146.8800048828125
2023-12-06,191.17222595214844,365.330078125,129.40135192871094,144.52000427246094
2023-12-07,193.11058044433594,367.45989990234375,136.27845764160156,146.8800048828125
2023-12-08,194.5419921875,370.7090148925781,134.3477020263672,147.4199981689453
2023-12-11,192.02708435058594,367.8065490722656,132.65577697753906,145.88999938964844
2023-12-12,193.5479736328125,370.8575744628906,131.8894500732422,147.47999572753906
2023-12-13,196.77854919433594,370.84765625,131.939208984375,148.83999633789062
2023-12-14,196.9276580810547,362.487060546875,131.3122100830078,147.4199981689453
2023-12-15,196.39089965820312,367.2419738769531,131.9690704345703,149.97000122070312
2023-12-18,194.7209014892578,369.1438293457031,135.15383911132812,154.07000732421875
2023-12-19,195.76466369628906,369.74810791015625,135.99978637695312,153.7899932861328
2023-12-20,193.66725158691406,367.1329345703125,137.68174743652344,152.1199951171875
2023-12-21,193.5181121826172,370.0254821777344,139.75186157226562,153.83999633789062
2023-12-22,192.444580078125,371.0556945800781,140.81675720214844,153.4199981689453
2023-12-26,191.89788818359375,371.13494873046875,140.8466339111328,153.41000366210938
2023-12-27,191.9972686767578,370.5505676269531,139.7020721435547,153.33999633789062
2023-12-28,192.42471313476562,371.7491149902344,139.56275939941406,153.3800048828125
2023-12-29,191.38096618652344,372.5019836425781,139.02532958984375,151.94000244140625
2024-01-02,184.53208923339844,367.380615234375,137.51255798339844,149.92999267578125
2024-01-03,183.150390625,367.1131591796875,138.25900268554688,148.47000122070312
2024-01-04,180.82437133789062,364.4781799316406,135.74102783203125,144.57000732421875
2024-01-05,180.09869384765625,364.2899169921875,135.0841522216797,145.24000549316406
2024-01-08,184.4525604248047,371.1646728515625,138.17938232421875,149.10000610351562
2024-01-09,184.03506469726562,372.25433349609375,140.2793426513672,151.3699951171875
2024-01-10,185.0788116455078,379.1686096191406,141.60299682617188,153.72999572753906
2024-01-11,184.48236083984375,381.0111389160156,141.40394592285156,155.17999267578125
2024-01-12,184.81039428710938,384.8150329589844,141.9712371826172,154.6199951171875
2024-01-16,182.53408813476562,386.5980529785156,141.81201171875,153.16000366210938
2024-01-17,181.58973693847656,385.8056335449219,140.79685974121094,151.7100067138672
2024-01-18,187.50425720214844,390.1641845703125,142.7972869873047,153.5
2024-01-19,190.416748046875,394.9190368652344,145.68348693847656,155.33999633789062
2024-01-22,192.73284912109375,392.7793884277344,145.2953643798828,154.77999877929688
2024-01-23,194.01513671875,395.1468505859375,146.34036254882812,156.02000427246094
2024-01-24,193.33920288085938,398.7724914550781,147.99244689941406,156.8699951171875
2024-01-25,193.01116943359375,401.0606994628906,151.14735412597656,157.75
2024-01-26,191.27162170410156,400.1295471191406,151.46583557128906,159.1199951171875
2024-01-29,190.5857391357422,405.86505126953125,152.77957153320312,161.25999450683594
2024-01-30,186.9177703857422,404.7457275390625,150.73931884765625,159.0
2024-01-31,183.2994842529297,393.8393249511719,139.43338012695312,155.1999969482422
2024-02-01,185.74481201171875,399.98095703125,140.48834228515625,159.27999877929688
2024-02-02,184.74082946777344,407.3509826660156,141.70252990722656,171.80999755859375
2024-02-05,186.55990600585938,401.8334045410156,142.996337890625,170.30999755859375
2024-02-06,188.1702423095703,401.67486572265625,143.41433715820312,169.14999389648438
2024-02-07,188.27960205078125,410.15435791015625,144.8474884033203,170.52999877929688
2024-02-08,187.1960906982422,410.2137756347656,145.2157440185547,169.83999633789062
2024-02-09,187.96246337890625,416.5931701660156,148.29103088378906,174.4499969482422
2024-02-12,186.2704620361328,411.3529357910156,146.82801818847656,172.33999633789062
2024-02-13,184.1703643798828,402.4970703125,144.4493865966797,168.63999938964844
2024-02-14,183.2845458984375,406.3873596191406,145.24557495117188,170.97999572753906
2024-02-15,182.9959259033203,403.4795837402344,142.0906524658203,169.8000030517578
2024-02-16,181.45318603515625,400.99853515625,139.85137939453125,169.50999450683594
2024-02-20,180.70672607421875,399.7381591796875,140.44851684570312,167.0800018310547
2024-02-21,181.4631805419922,399.13275146484375,141.87171936035156,168.58999633789062
2024-02-22,183.5035400390625,408.5309753417969,143.40438842773438,174.5800018310547
2024-02-23,181.66221618652344,407.23095703125,143.27500915527344,174.99000549316406
2024-02-26,180.30860900878906,404.4521789550781,136.91542053222656,174.72999572753906
2024-02-27,181.77169799804688,404.3926086425781,138.2191925048828,173.5399932861328
2024-02-28,180.56739807128906,404.6307678222656,135.7310791015625,173.16000366210938
2024-02-29,179.90054321289062,410.5059509277344,137.80117797851562,176.75999450683594
2024-03-01,178.81565856933594,412.3518371582031,136.4874725341797,178.22000122070312
2024-03-04,174.277099609375,411.7762756347656,132.71551513671875,177.5800018310547
2024-03-05,169.3204803466797,399.59918212890625,132.03872680664062,174.1199951171875
2024-03-06,168.32518005371094,399.04345703125,130.77476501464844,173.50999450683594
2024-03-07,168.20574951171875,406.0400695800781,133.7406005859375,176.82000732421875
2024-03-08,169.92762756347656,403.14215087890625,134.7656707763672,175.35000610351562
2024-03-11,171.93814086914062,401.45501708984375,137.0149383544922,171.9600067138672
2024-03-12,172.41586303710938,412.13348388671875,137.8409881591797,175.38999938964844
2024-03-13,170.3257598876953,411.95489501953125,139.12484741210938,176.55999755859375
2024-03-14,172.1869659423828,421.9981994628906,142.4191131591797,178.75
2024-03-15,171.80873107910156,413.264892578125,140.50823974609375,174.4199981689453
2024-03-18,172.90357971191406,414.1580505371094,146.977294921875,174.47999572753906
2024-03-19,175.2524871826172,418.2170715332031,146.33041381835938,175.89999389648438
2024-03-20,177.83030700683594,422.00811767578125,148.0322723388672,178.14999389648438
2024-03-21,170.56460571289062,426.11676025390625,146.89768981933594,178.14999389648438
2024-03-22,171.47035217285156,425.49151611328125,150.0526123046875,178.8699951171875
2024-03-25,170.0470733642578,419.65606689453125,149.35594177246094,179.7100067138672
2024-03-26,168.9124298095703,418.4552307128906,149.9530792236328,178.3000030517578
2024-03-27,172.49551391601562,418.2369079589844,150.15211486816406,179.8300018310547
2024-03-28,170.67410278320312,417.53228759765625,150.2118377685547,180.3800048828125
2024-04-01,169.2309112548828,421.3531188964844,154.75015258789062,180.97000122070312
2024-04-02,168.0465087890625,418.246826171875,153.82456970214844,180.69000244140625
2024-04-03,168.85269165039062,417.26434326171875,154.18284606933594,182.41000366210938
2024-04-04,168.026611328125,414.71380615234375,149.81375122070312,180.0
2024-04-05,168.7830352783203,422.2959289550781,151.7743682861328,185.07000732421875
2024-04-08,167.65834045410156,421.3729553222656,154.1132049560547,185.19000244140625
2024-04-09,168.87261962890625,423.0501403808594,155.8548583984375,185.6699981689453
2024-04-10,166.9915008544922,420.05303955078125,155.39706420898438,185.9499969482422
2024-04-11,174.21737670898438,424.6876525878906,158.6514892578125,189.0500030517578
2024-04-12,175.72027587890625,418.7033386230469,156.97950744628906,186.1300048828125
2024-04-15,171.87840270996094,410.5059509277344,154.12315368652344,183.6199951171875
2024-04-16,168.58399963378906,411.4388122558594,153.6653289794922,183.32000732421875
2024-04-17,167.21046447753906,408.71954345703125,154.73023986816406,181.27999877929688
2024-04-18,166.25494384765625,401.2069396972656,155.2676544189453,179.22000122070312
2024-04-19,164.2245635986328,396.095947265625,153.3568115234375,174.6300048828125
2024-04-22,165.06060791015625,397.9219665527344,155.536376953125,177.22999572753906
2024-04-23,166.11561584472656,404.48193359375,157.50697326660156,179.5399932861328
2024-04-24,168.22567749023438,405.9606018066406,158.37281799316406,176.58999633789062
2024-04-25,169.09158325195312,396.01654052734375,155.25770568847656,173.6699981689453
2024-04-26,168.5043487548828,403.24139404296875,171.13182067871094,179.6199951171875
2024-04-29,172.68460083007812,399.20220947265625,165.3594207763672,180.9600067138672
2024-04-30,169.52951049804688,386.3800964355469,162.00547790527344,175.0
2024-05-01,168.5043487548828,391.9476318359375,163.080322265625,179.0
2024-05-02,172.21682739257812,394.82562255859375,165.82716369628906,184.72000122070312
2024-05-03,182.51817321777344,403.57879638671875,166.4442596435547,186.2100067138672
2024-05-06,180.8560333251953,410.40667724609375,167.30015563964844,188.6999969482422
2024-05-07,181.54278564453125,406.238525390625,170.43515014648438,188.75999450683594
2024-05-08,181.8811798095703,407.429443359375,168.5740509033203,188.0
2024-05-09,183.70260620117188,409.1959533691406,169.15130615234375,189.5
2024-05-10,182.4368438720703,411.59759521484375,167.84750366210938,187.47999572753906
2024-05-13,185.656005859375,410.5853271484375,168.33518981933594,186.57000732421875
2024-05-14,186.8021697998047,413.40380859375,169.52947998046875,187.07000732421875
2024-05-15,189.08450317382812,420.6317443847656,171.6891326904297,185.99000549316406
2024-05-16,189.2041015625,418.5538330078125,173.3511962890625,183.6300048828125
2024-05-17,189.23399353027344,417.7783508300781,175.22227478027344,184.6999969482422
2024-05-20,190.40008544921875,422.8786315917969,176.0781707763672,183.5399932861328
2024-05-21,191.70570373535156,426.5572814941406,177.00376892089844,183.14999389648438
2024-05-22,190.2605438232422,428.0286865234375,175.54075622558594,183.1300048828125
2024-05-23,186.25401306152344,424.5290832519531,172.72421264648438,181.0500030517578
2024-05-24,189.3436279296875,427.6707763671875,174.15736389160156,180.75
2024-05-28,189.3535919189453,427.8298645019531,175.56065368652344,182.14999389648438
2024-05-29,189.652587890625,426.6865234375,175.0630340576172,182.02000427246094
2024-05-30,190.6492462158203,412.2704162597656,171.2910614013672,179.32000732421875
2024-05-31,191.60601806640625,412.7277526855469,171.67919921875,176.44000244140625
2024-06-03,193.38006591796875,411.1270751953125,172.3460235595703,178.33999633789062
2024-06-04,193.69898986816406,413.6623229980469,172.96307373046875,179.33999633789062
2024-06-05,195.21389770507812,421.5563659667969,174.5753631591797,181.27999877929688
2024-06-06,193.8285675048828,422.0633850097656,175.8890838623047,185.0
2024-06-07,196.23046875,421.3973083496094,173.6298828125,184.3000030517578
2024-06-10,192.4730987548828,425.3940124511719,174.37716674804688,187.05999755859375
2024-06-11,206.45611572265625,430.1761779785156,175.98135375976562,187.22999572753906
2024-06-12,212.35630798339844,438.5076904296875,177.14710998535156,186.88999938964844
2024-06-13,213.52236938476562,439.0246887207031,174.52664184570312,183.8300018310547
2024-06-14,211.77822875976562,440.00897216796875,176.15072631835938,183.66000366210938
2024-06-17,215.94422912597656,445.775390625,176.59910583496094,184.05999755859375
2024-06-18,213.5721893310547,443.75714111328125,174.45687866210938,182.80999755859375
2024-06-20,208.97763061523438,443.120849609375,175.6625213623047,186.10000610351562
2024-06-21,206.79498291015625,447.17724609375,178.98046875,189.0800018310547
2024-06-24,207.44281005859375,445.0794372558594,178.5719451904297,185.57000732421875
2024-06-25,208.36968994140625,448.3404541015625,183.3645477294922,186.33999633789062
2024-06-26,212.5356903076172,449.54345703125,183.21510314941406,193.61000061035156
2024-06-27,213.3828582763672,450.2294921875,184.7395782470703,197.85000610351562
2024-06-28,209.9144744873047,444.3636169433594,181.49134826660156,193.25
2024-07-01,216.02395629882812,454.0870056152344,182.32830810546875,197.1999969482422
2024-07-02,219.53216552734375,456.62225341796875,184.5701904296875,200.0
2024-07-03,220.80789184570312,458.1036376953125,185.14808654785156,197.58999633789062
2024-07-05,225.5818328857422,464.8543395996094,189.9108123779297,200.0
2024-07-08,227.056884765625,463.5419921875,188.3464813232422,199.2899932861328
2024-07-09,227.9139862060547,456.8807678222656,188.29664611816406,199.33999633789062
2024-07-10,232.19960021972656,463.55194091796875,190.48870849609375,199.7899932861328
2024-07-11,226.80772399902344,452.06878662109375,184.8990020751953,195.0500030517578
2024-07-12,229.76776123046875,450.9254150390625,184.40078735351562,194.49000549316406
2024-07-15,233.61483764648438,451.3330383300781,185.85549926757812,192.72000122070312
2024-07-16,234.03343200683594,446.91876220703125,183.2549591064453,193.02000427246094
2024-07-17,228.1133270263672,440.9534606933594,180.36544799804688,187.92999267578125
2024-07-18,223.4290771484375,437.8216857910156,177.04747009277344,183.75
2024-07-19,223.55862426757812,434.58056640625,177.01759338378906,183.1300048828125
2024-07-22,223.20980834960938,440.3768310546875,181.01309204101562,182.5500030517578
2024-07-23,224.25628662109375,442.2757568359375,181.1326446533203,186.41000366210938
2024-07-24,217.80796813964844,426.4180603027344,172.0057830810547,180.8300018310547
2024-07-25,216.76148986816406,415.9788513183594,166.6751251220703,179.85000610351562
2024-07-26,217.2299041748047,422.8090515136719,166.39613342285156,182.5
2024-07-29,217.50897216796875,424.2606201171875,168.91697692871094,183.1999969482422
2024-07-30,218.0670928955078,420.4726867675781,169.6742401123047,181.7100067138672
2024-07-31,221.3361053466797,415.9291076660156,170.91969299316406,186.97999572753906
2024-08-01,217.62857055664062,414.6962585449219,170.1425323486328,184.07000732421875
2024-08-02,219.12355041503906,406.12615966796875,166.05735778808594,167.89999389648438
2024-08-05,208.5690155029297,392.8633728027344,158.6741485595703,161.02000427246094
2024-08-06,206.53585815429688,397.29754638671875,157.7176055908203,161.92999267578125
2024-08-07,209.1171875,396.1243896484375,158.36526489257812,162.77000427246094
2024-08-08,212.59547424316406,400.3597412109375,161.444091796875,165.8000030517578
2024-08-09,215.51568603515625,403.6704406738281,163.0781707763672,166.94000244140625
2024-08-12,217.0522918701172,404.4559020996094,161.70315551757812,166.8000030517578
2024-08-13,220.78407287597656,411.6142272949219,163.56640625,170.22999572753906
2024-08-14,221.23309326171875,414.4477233886719,159.79010009765625,170.10000610351562
2024-08-15,224.22650146484375,419.34808349609375,160.7167510986328,177.58999633789062
2024-08-16,225.5535888671875,416.7983093261719,162.37074279785156,177.05999755859375
2024-08-19,225.39393615722656,419.8460693359375,166.06732177734375,178.22000122070312
2024-08-20,226.0125732421875,423.10302734375,166.57546997070312,178.8800048828125
2024-08-21,225.90280151367188,422.4456787109375,165.2502899169922,180.11000061035156
2024-08-22,224.03692626953125,413.88995361328125,163.20770263671875,176.1300048828125
2024-08-23,226.3418426513672,415.1250305175781,165.0211181640625,177.0399932861328
2024-08-26,226.68109130859375,411.8382263183594,165.5591583251953,175.5
2024-08-27,227.5292205810547,412.18682861328125,164.0845184326172,173.1199951171875
2024-08-28,225.99261474609375,408.9597473144531,162.26113891601562,170.8000030517578
2024-08-29,229.28536987304688,411.4696960449219,161.19500732421875,172.1199951171875
2024-08-30,228.49710083007812,415.4736328125,162.7892303466797,178.5
2024-09-03,222.28077697753906,407.80438232421875,156.79100036621094,176.25
2024-09-04,220.36500549316406,407.26654052734375,155.88427734375,173.3300018310547
2024-09-05,221.89163208007812,406.75860595703125,156.6714324951172,177.88999938964844
2024-09-06,220.3350830078125,400.0953369140625,150.374267578125,171.38999938964844
2024-09-09,220.42486572265625,404.0992431640625,148.368896484375,175.39999389648438
2024-09-10,219.6266326904297,412.5453796386719,148.31900024414062,179.5500030517578
2024-09-11,222.1710205078125,421.3500671386719,150.8132781982422,184.52000427246094
2024-09-12,222.28077697753906,425.29425048828125,154.33517456054688,187.0
2024-09-13,222.01138305664062,428.869873046875,157.09881591796875,186.49000549316406
2024-09-16,215.84495544433594,429.61688232421875,157.6974334716797,184.88999938964844
2024-09-17,216.31390380859375,433.41168212890625,158.95455932617188,186.8800048828125
2024-09-18,220.20535278320312,429.0890197753906,159.44342041015625,186.42999267578125
2024-09-19,228.3673858642578,436.9375305175781,161.76808166503906,189.8699951171875
2024-09-20,227.6988525390625,433.53118896484375,163.21475219726562,191.60000610351562
2024-09-23,225.97265625,431.77825927734375,161.47874450683594,193.8800048828125
2024-09-24,226.8706817626953,427.45556640625,161.917724609375,193.9600067138672
2024-09-25,225.8728790283203,430.3838195800781,161.11956787109375,192.52999877929688
2024-09-26,227.02035522460938,429.5870056152344,162.35671997070312,191.16000366210938
2024-09-27,227.2897491455078,426.3101501464844,163.5739288330078,187.97000122070312
2024-09-30,232.4883270263672,428.5810241699219,165.46957397460938,186.3300018310547
2024-10-01,225.71324157714844,419.0094299316406,166.60696411132812,185.1300048828125
2024-10-02,226.281982421875,415.46368408203125,165.47955322265625,184.75999450683594
2024-10-03,225.17440795898438,414.87603759765625,165.47955322265625,181.9600067138672
2024-10-04,226.30194091796875,414.39794921875,166.67678833007812,186.50999450683594
2024-10-07,221.20315551757812,407.9040222167969,162.6061553955078,180.8000030517578
2024-10-08,225.27420043945312,413.0533447265625,164.00294494628906,182.72000122070312
2024-10-09,229.03591918945312,415.7923278808594,161.4887237548828,185.1699981689453
2024-10-10,228.53701782226562,414.1788024902344,161.70822143554688,186.64999389648438
2024-10-11,227.05029296875,414.65692138671875,162.8655548095703,188.82000732421875
2024-10-14,230.79205322265625,417.46563720703125,164.5816192626953,187.5399932861328
2024-10-15,233.33645629882812,417.0672302246094,165.08047485351562,187.69000244140625
2024-10-16,231.27099609375,414.45770263671875,164.78114318847656,186.88999938964844
2024-10-17,231.6401824951172,415.0553283691406,162.55625915527344,187.52999877929688
2024-10-18,234.48391723632812,416.4895324707031,163.04515075683594,188.99000549316406
2024-10-21,235.96067810058594,417.1070861816406,163.69366455078125,189.07000732421875
2024-10-22,235.342041015625,425.8022155761719,164.76119995117188,189.6999969482422
2024-10-23,230.25323486328125,422.9038391113281,162.4066162109375,184.7100067138672
2024-10-24,230.0636749267578,423.0332946777344,162.34674072265625,186.3800048828125
2024-10-25,230.9018096923828,426.43963623046875,164.89089965820312,187.8300018310547
2024-10-28,232.88743591308594,424.8858947753906,166.3375701904297,188.38999938964844
2024-10-29,233.15684509277344,430.2244873046875,169.29078674316406,190.8300018310547
2024-10-30,229.5946807861328,430.8021545410156,174.059814453125,192.72999572753906
2024-10-31,225.4138946533203,404.72674560546875,170.71751403808594,186.39999389648438
2024-11-01,222.42047119140625,408.73065185546875,170.89707946777344,197.92999267578125
2024-11-04,221.52244567871094,406.8282775878906,168.851806640625,195.77999877929688
2024-11-05,222.95928955078125,409.8163146972656,169.35064697265625,199.5
2024-11-06,222.23089599609375,418.50146484375,176.10511779785156,207.08999633789062
2024-11-07,226.98043823242188,423.73052978515625,180.33538818359375,210.0500030517578
2024-11-08,226.7107391357422,420.85205078125,177.94090270996094,208.17999267578125
2024-11-11,223.98373413085938,416.34014892578125,179.93630981445312,206.83999633789062
2024-11-12,223.98373413085938,421.340087890625,181.20339965820312,208.91000366210938
2024-11-13,224.8727569580078,423.50146484375,178.4696807861328,214.10000610351562
2024-11-14,227.9693603515625,425.1846923828125,175.17726135253906,211.47999572753906
2024-11-15,224.7528839111328,413.3421936035156,172.09434509277344,202.61000061035156
2024-11-18,227.7695770263672,414.0991516113281,174.8979034423828,201.6999969482422
2024-11-19,228.02928161621094,416.1210632324219,177.71141052246094,204.61000061035156
2024-11-20,228.7484893798828,413.8302001953125,175.5763397216797,202.8800048828125
2024-11-21,228.26902770996094,412.0437927246094,167.2454833984375,198.3800048828125
2024-11-22,229.61753845214844,416.16552734375,164.38206481933594,197.1199951171875
2024-11-25,232.61424255371094,417.95196533203125,167.26544189453125,201.4499969482422
2024-11-26,234.8018341064453,427.133544921875,168.73207092285156,207.86000061035156
2024-11-27,234.67198181152344,422.1435546875,168.84181213378906,205.74000549316406
2024-11-29,237.06935119628906,422.61260986328125,168.5624542236328,207.88999938964844
2024-12-02,239.3268585205078,430.1175842285156,171.0966339111328,210.7100067138672
2024-12-03,242.3834991455078,430.3371276855469,170.9469757080078,213.44000244140625
2024-12-04,242.74310302734375,436.544677734375,173.9700164794922,218.16000366210938
2024-12-05,242.7730712890625,441.7342529296875,172.24400329589844,220.5500030517578
2024-12-06,242.5732879638672,442.682373046875,174.30926513671875,227.02999877929688
2024-12-09,246.47900390625,445.12744140625,175.1682586669922,226.08999633789062
2024-12-10,247.4978790283203,442.4428405761719,184.9569854736328,225.0399932861328
2024-12-11,246.2192840576172,448.0915222167969,195.1752166748047,230.25999450683594
2024-12-12,247.68768310546875,448.6603698730469,191.7391815185547,228.97000122070312
2024-12-13,247.85748291015625,446.37493896484375,189.6016387939453,227.4600067138672
2024-12-16,250.7642822265625,450.6863098144531,196.43377685546875,232.92999267578125
2024-12-17,253.20159912109375,453.5505676269531,195.1951904296875,231.14999389648438
2024-12-18,247.77757263183594,436.5147399902344,188.18325805664062,220.52000427246094
2024-12-19,249.51565551757812,436.15545654296875,188.2931365966797,223.2899932861328
2024-12-20,254.21051025390625,435.726318359375,191.18980407714844,224.9199981689453
2024-12-23,254.98965454101562,434.3790283203125,194.40611267089844,225.05999755859375
2024-12-24,257.91644287109375,438.4508361816406,195.8843994140625,229.0500030517578
2024-12-26,258.7355041503906,437.2332763671875,195.375,227.0500030517578
2024-12-27,255.30929565429688,429.66845703125,192.5382537841797,223.75
2024-12-30,251.9230194091797,423.9798583984375,191.02000427246094,221.3000030517578
2024-12-31,250.1449737548828,420.6565246582031,189.08224487304688,219.38999938964844
